{
  "$schema": "http://adaptivecards.io/schemas/adaptive-card.json",
  "type": "AdaptiveCard",
  "body": [
    {
      "type": "Image",
      "url": "https://upload.wikimedia.org/wikipedia/commons/thumb/b/bd/Arçelik_logo.svg/800px-Arçelik_logo.svg.png",
      "size": "Large",
      "altText": ""
    },
    {
      "type": "TextBlock",
      "text": "YEMEK MENÜSÜ"
    },
    {
      "type": "Container",
      "items": [
        {
          "type": "Image",
          "url": "https://lezzet.blob.core.windows.net/images-xxlarge-recipe/domates_corbasi-2dbfe3ff-e535-432d-88ba-c2fab0238174.jpg",
          "altText": ""
        },
        {
          "type": "FactSet",
          "facts": [
            {
              "title": "Çorba :",
              "value": "Domates Çorbası"
            },
            {
              "title": "Kalori :",
              "value": "173 kcal"
            }
          ]
        }
      ]
    }
  ],
  "$schema": "http://adaptivecards.io/schemas/adaptive-card.json",
  "version": "1.0"
}