{
  "$schema": "http://adaptivecards.io/schemas/adaptive-card.json",
  "type": "AdaptiveCard",
  "body": [
    {
      "type": "Image",
      "url": "https://upload.wikimedia.org/wikipedia/commons/thumb/b/bd/Arçelik_logo.svg/800px-Arçelik_logo.svg.png",
      "size": "Large",
      "altText": ""
    },
    {
      "type": "TextBlock",
      "text": "YEMEK MENÜSÜ"
    },
    {
      "type": "Container",
      "items": [
        {
          "type": "Image",
          "url": "https://tigrerestaurant.co.uk/wp-content/uploads/2018/10/Salata-de-Rosii-Asortata-Tomato-Cucumber-Salad.jpg",
          "altText": ""
        },
        {
          "type": "FactSet",
          "facts": [
            {
              "title": "Salata Bar :",
              "value": "Salata"
            }
          ]
        }
      ]
    }
  ],
  "$schema": "http://adaptivecards.io/schemas/adaptive-card.json",
  "version": "1.0"
}