{
  "$schema": "http://adaptivecards.io/schemas/adaptive-card.json",
  "type": "AdaptiveCard",
  "body": [
    {
      "type": "Container",
      "items": [
        {
          "type": "TextBlock",
          "size": "ExtraLarge",
          "weight": "Bolder",
          "text": "Onayda Bekleyen İşlemler"
        },
        {
          "type": "TextBlock",
          "size": "Medium",
          "weight": "Bolder",
          "text": "Yıllık İzin Onayı"
        },
        {
          "type": "TextBlock",
          "text": "Irmak Şişmanoğlu"
        }
      ]
    },
    {
      "type": "Container",
      "items": [
        {
          "type": "Input.Date",
          "spacing": "Medium",
          "title": "",
          "value": "01/01/2019",
          "validation": {
            "necessity": "RequiredWithVisualCue"
          }
        }
      ]
    }
  ],
  "actions": [
    {
      "type": "Action.ShowCard",
      "title": "Onaylıyorum",
      "card": {
        "type": "AdaptiveCard",
        "$schema": "http://adaptivecards.io/schemas/adaptive-card.json"
      }
    },
    {
      "type": "Action.OpenUrl",
      "title": "Onaylamıyorum",
      "url": "http://adaptivecards.io"
    }
  ],
  "$schema": "http://adaptivecards.io/schemas/adaptive-card.json",
  "version": "1.0"
}