{
  "$schema": "http://adaptivecards.io/schemas/adaptive-card.json",
  "type": "AdaptiveCard",
  "body": [
    {
      "type": "Image",
      "url": "https://upload.wikimedia.org/wikipedia/commons/thumb/b/bd/Arçelik_logo.svg/800px-Arçelik_logo.svg.png",
      "size": "Large",
      "altText": ""
    },
    {
      "type": "TextBlock",
      "text": "YEMEK MENÜSÜ"
    },
    {
      "type": "Container",
      "items": [
        {
          "type": "Image",
          "url": "https://www.propertyturkey.com/uploads/pages/larg/mozaik_pasta.jpg",
          "size": "Stretch",
          "width": "400px",
          "height": "300px",
          "altText": ""
        },
        {
          "type": "FactSet",
          "facts": [
            {
              "title": "Tatlı :",
              "value": "Mozaik Pasta"
            },
            {
              "title": "Kalori :",
              "value": "320 Kcal"
            }
          ]
        }
      ]
    }
  ],
  "$schema": "http://adaptivecards.io/schemas/adaptive-card.json",
  "version": "1.0"
}