{
  "$schema": "http://adaptivecards.io/schemas/adaptive-card.json",
  "version": "1.0",
  "type": "AdaptiveCard",
  "body": [
    {
      "type": "Image",
      "url": "https://upload.wikimedia.org/wikipedia/commons/thumb/b/bd/Arçelik_logo.svg/800px-Arçelik_logo.svg.png",
      "size": "Large",
      "altText": ""
    },
    {
      "type": "TextBlock",
      "text": "EĞİTİMLER"
    },
    {
      "type": "Container",
      "items": [
        {
          "type": "Image",
          "url": "https://i2.wp.com/arceliktrainingcatalogue.com/wp-content/uploads/2019/03/özgü-kaynak.png?zoom=1.5625&fit=141,165",
          "size": "Stretch",
          "width": "400px",
          "height": "300px",
          "altText": ""
        },
        {
          "type": "FactSet",
          "facts": [
            {
              "title": "Eğitim Adı:",
              "value": "İşimi Yönetiyorum Etkin iş ve Süreç Yönetimi "
            },
            {
              "title": "Eğitmen:",
              "value": "Özgü Kaynak"
            },
            {
              "title": "Tarih:",
              "value": "04-05 Eylül"
            }
          ]
        }
      ]
    }
  ],
  "$schema": "http://adaptivecards.io/schemas/adaptive-card.json",
  "version": "1.0"
}