﻿{
  "$schema": "http://adaptivecards.io/schemas/adaptive-card.json",
  "type": "AdaptiveCard",
  "body": [
    {
      "type": "Image",
      "url": "https://upload.wikimedia.org/wikipedia/commons/thumb/b/bd/Arçelik_logo.svg/800px-Arçelik_logo.svg.png",
      "size": "Large",
      "altText": ""
    },
    {
      "type": "Container",
      "items": [
        {
          "type": "TextBlock",
          "text": "YEMEK MENÜSÜ"
        },
        {
          "type": "Image",
          "url": "https://i.pinimg.com/736x/15/0f/e2/150fe29b538e90f7acded8fb5f63bf5a.jpg",
          "size": "Stretch",
          "width": "400px",
          "height": "300px",
          "altText": ""
        },
        {
          "type": "FactSet",
          "facts": [
            {
              "title": "Ana Yemek :",
              "value": "Piliç Şinitzel"
            },
            {
              "title": "Kalori :",
              "value": "230 Kcal"
            }
          ]
        }
      ]
    }
  ],
  "$schema": "http://adaptivecards.io/schemas/adaptive-card.json",
  "version": "1.0"
}