{
  "$schema": "http://adaptivecards.io/schemas/adaptive-card.json",
  "type": "AdaptiveCard",
  "body": [
    {
      "type": "Image",
      "url": "https://upload.wikimedia.org/wikipedia/commons/thumb/b/bd/Arçelik_logo.svg/800px-Arçelik_logo.svg.png",
      "size": "Large",
      "altText": ""
    },
    {
      "type": "Container",
      "items": [
        {
          "type": "TextBlock",
          "size": "Large",
          "weight": "Bolder",
          "text": "ONAYDA BEKLEYEN İŞLEMLER"
        },
        {
          "type": "TextBlock",
          "text": "YIllık İzin Talebi"
        }
      ]
    },
    {
      "type": "Container",
      "items": [
        {
          "type": "TextBlock",
          "text": "Irmak Şişmanoğlu ",
          "wrap": true
        }
      ]
    },
    {
      "type": "TextBlock",
      "text": "12/08/2019 - 16/08/2019"
    }
  ],
  "actions": [
    {
      "type": "Action.ShowCard",
      "title": "ONAYLIYORUM",
      "card": {
        "type": "AdaptiveCard",
        "body": [
          {
            "type": "Input.Date",
            "id": "dueDate"
          },
          {
            "type": "Input.Text",
            "id": "comment",
            "placeholder": "Add a comment",
            "isMultiline": true
          }
        ],
        "actions": [
          {
            "type": "Action.OpenUrl",
            "title": "OK",
            "url": "http://adaptivecards.io"
          }
        ],
        "$schema": "http://adaptivecards.io/schemas/adaptive-card.json"
      }
    },
    {
      "type": "Action.OpenUrl",
      "title": "ONAYLAMIYORUM",
      "url": "http://adaptivecards.io"
    }
  ],
  "$schema": "http://adaptivecards.io/schemas/adaptive-card.json",
  "version": "1.0"
}