﻿{
  "$schema": "http://adaptivecards.io/schemas/adaptive-card.json",
  "version": "1.0",
  "type": "AdaptiveCard",
  "body": [
    {
      "type": "Image",
      "url": "https://upload.wikimedia.org/wikipedia/commons/thumb/b/bd/Arçelik_logo.svg/800px-Arçelik_logo.svg.png",
      "size": "Large",
      "altText": ""
    },
    {
      "type": "Container",
      "items": [
        {
          "type": "Image",
          "url": "https://i2.wp.com/arceliktrainingcatalogue.com/wp-content/uploads/2019/02/Kemal-İslamoğlu.jpg?zoom=0.5625&fit=258,293",
          "size": "Stretch",
          "altText": ""
        },
        {
          "type": "FactSet",
          "spacing": "Padding",
          "facts": [
            {
              "title": "Eğitim Adı :",
              "value": "Stratejik iletişim: Etki ve İkna "
            },
            {
              "title": "Ad Soyad :",
              "value": "Kemal İslamoğlu"
            },
            {
              "title": "Tarih :",
              "value": "04-05 Eylül"
            }
          ]
        }
      ]
    }
  ],
  "actions": [
    {
      "type": "Action.OpenUrl",
      "title": "View",
      "url": "http://arceliktrainingcatalogue.com/leader-in-you/yetkinlik-egitimleri/musterilerimize-odaklaniriz/stratejik-iletisim-etki-ve-ikna/"
    }
  ],
  "$schema": "http://adaptivecards.io/schemas/adaptive-card.json",
  "version": "1.0"
}